Sample,total_reads,total_bases,q20_bases,q30_bases,q20_rate,q30_rate,read1_mean_length,read2_mean_length,gc_content,passed_filter_reads,corrected_reads,corrected_bases,low_quality_reads,too_many_N_reads,too_short_reads,too_long_reads,duplication.rate,adapter_trimmed_reads,adapter_trimmed_bases,read1_adapter_sequence,read2_adapter_sequence,total_polyx_trimmed_reads,polyx_trimmed_reads,total_polyx_trimmed_bases,polyx_trimmed_bases,read1.total_reads,read1.total_bases,read1.q20_bases,read1.q30_bases,read2.total_reads,read2.total_bases,read2.q20_bases,read2.q30_bases
CAP41WGS_MO026,199654122|197890478,29948118300|28849429806,29557601174|28595689780,28489230348|27655901052,0.98696|0.991205,0.951286|0.958629,150|145,150|145,0.290102|0.283668,197890478,13205455,27136851,797742,11182,954720,0,0.361174,44048990,770971125,AGATCGGAAGAGCACACGTCTGAACTCCAGTCA,unspecified,7352451,A|T|C|G=3585048|3630796|94094|42513,84077259,A|T|C|G=40506373|41151979|2006534|412373,99827061|98945239,14974059150|14428067892,14822320317|14326679097,14403349344|13949065236,99827061|98945239,14974059150|14421361914,14735280857|14269010683,14085881004|13706835816
CAP41WGS_MO028,200080220|198350854,30012033000|29122484877,29610872079|28856181272,28503302738|27869065336,0.986633|0.990856,0.949729|0.95696,150|146,150|146,0.287634|0.282736,198350854,13378216,27234628,1138474,11896,578996,0,0.409757,34075213,549777093,AGATCGGAAGAGCACACGTCTGAACTCCAGTCA,unspecified,7273850,A|T|C|G=3577466|3555338|101976|39070,83040933,A|T|C|G=40297548|40289861|2073530|379994,100040110|99175427,15006016500|14565613278,14855476709|14462017248,14421338751|14072021209,100040110|99175427,15006016500|14556871599,14755395370|14394164024,14081963987|13797044127
CAP41WGS_MO029,200550734|199096278,30082610100|29235961305,29702253682|28975836326,28646447929|28025976060,0.987356|0.991103,0.952259|0.958613,150|146,150|146,0.280866|0.276229,199096278,13017578,27147923,837322,11714,605420,0,0.398419,33966437,544464145,AGATCGGAAGAGCACACGTCTGAACTCCAGTCA,unspecified,7603106,A|T|C|G=3763865|3711140|93150|34951,87358530,A|T|C|G=42719994|42391548|1908463|338525,100275367|99548139,15041305050|14621949045,14892711496|14516338587,14468211400|14126162301,100275367|99548139,15041305050|14614012260,14809542186|14459497739,14178236529|13899813759
CAP41WGS_MO030,199665058|198008966,29949758700|29037989907,29566799694|28782664765,28507357380|27840623167,0.987213|0.991207,0.951839|0.958766,150|146,150|146,0.288771|0.283662,198008966,13163715,27032889,847266,11338,797488,0,0.305907,34451888,595407785,AGATCGGAAGAGCACACGTCTGAACTCCAGTCA,unspecified,7183276,A|T|C|G=3508916|3544569|92119|37672,82033318,A|T|C|G=39639458|40106748|1922899|364213,99832529|99004483,14974879350|14522375815,14830195190|14421460960,14419235298|14047949307,99832529|99004483,14974879350|14515614092,14736604504|14361203805,14088122082|13792673860
CAP41WGS_MO031,199361278|197942044,29904191700|29166563113,29522388957|28899249124,28440759473|27915480497,0.987232|0.990835,0.951063|0.957106,150|147,150|147,0.286259|0.282538,197942044,13700873,28008590,896890,11262,511082,0,0.398625,29660944,443313304,AGATCGGAAGAGCACACGTCTGAACTCCAGTCA,unspecified,7259524,A|T|C|G=3572446|3559153|91656|36269,83028007,A|T|C|G=40338926|40452855|1885547|350679,99680639|98971022,14952095850|14587555690,14808153476|14483028251,14383432700|14092578103,99680639|98971022,14952095850|14579007423,14714235481|14416220873,14057326773|13822902394
CAP41WGS_MO032,199462164|198097370,29919324600|29203017141,29541596204|28935570179,28447062031|27935004765,0.987375|0.990842,0.950792|0.956579,150|147,150|147,0.284066|0.280318,198097370,13697281,27706149,856908,11486,496400,0,0.364573,29235346,428533835,AGATCGGAAGAGCACACGTCTGAACTCCAGTCA,unspecified,7258194,A|T|C|G=3573721|3560613|89921|33939,82914781,A|T|C|G=40353916|40414468|1818516|327881,99731082|99048685,14959662300|14605326591,14816082984|14499251490,14381192498|14095965010,99731082|99048685,14959662300|14597690550,14725513220|14436318689,14065869533|13839039755
CAP41WGS_MO033,201117724|199462442,30167658600|29215088281,29781205965|28956899680,28711200038|28004444666,0.98719|0.991162,0.951721|0.958561,150|146,150|146,0.284747|0.279359,199462442,12906666,26889154,873640,11342,770300,0,0.367711,38383067,631449000,AGATCGGAAGAGCACACGTCTGAACTCCAGTCA,unspecified,7440288,A|T|C|G=3622552|3685550|94622|37564,85396407,A|T|C|G=41066423|41938548|2026142|365294,100558862|99731221,15083829300|14610771753,14929933754|14504187648,14495206780|14107966671,100558862|99731221,15083829300|14604316528,14851272211|14452712032,14215993258|13896477995
CAP41WGS_MO034,200619492|198806542,30092923800|29087910320,29698088263|28827491862,28612689007|27867386598,0.986879|0.991047,0.950811|0.95804,150|146,150|146,0.295105|0.2896,198806542,13556703,27829636,879086,11602,922262,0,0.331072,39183263,672918572,AGATCGGAAGAGCACACGTCTGAACTCCAGTCA,unspecified,7174661,A|T|C|G=3449926|3589826|92868|42041,81822130,A|T|C|G=38899312|40651888|1864983|405947,100309746|99403271,15046461900|14547292871,14898454710|14447378110,14485235693|14075103803,100309746|99403271,15046461900|14540617449,14799633553|14380113752,14127453314|13792282795
CAP41WGS_MO035,201091740|199384728,30163761000|29196830309,29785016452|28945064840,28757733214|28037570793,0.987444|0.991377,0.953387|0.960295,150|146,150|146,0.287214|0.281839,199384728,12333494,25947033,855786,12000,839226,0,0.386218,36870351,644067359,AGATCGGAAGAGCACACGTCTGAACTCCAGTCA,unspecified,7470507,A|T|C|G=3571392|3761754|99172|38189,85696350,A|T|C|G=40485447|42823135|2018680|369088,100545870|99692364,15081880500|14601130469,14934191457|14499532471,14528866838|14133515890,100545870|99692364,15081880500|14595699840,14850824995|14445532369,14228866376|13904054903
CAP41WGS_MO036,199257266|197637768,29888589900|28950802598,29495199616|28682175741,28402392841|27703654192,0.986838|0.990721,0.950275|0.956922,150|146,150|146,0.283593|0.278215,197637768,13331643,27368442,826662,12176,780660,0,0.481145,35543726,620214375,AGATCGGAAGAGCACACGTCTGAACTCCAGTCA,unspecified,7658260,A|T|C|G=3687515|3839514|94787|36444,88038232,A|T|C|G=41797351|43912084|1975332|353465,99628633|98818884,14944294950|14478536343,14791894031|14371640610,14357818846|13974787944,99628633|98818884,14944294950|14472266255,14703305585|14310535131,14044573995|13728866248
CAP41WGS_MO037,198627652|197031292,29794147800|28889209497,29425455158|28640463205,28395443528|27721743083,0.987625|0.99139,0.953054|0.959588,150|146,150|146,0.287024|0.281928,197031292,12556212,26007046,786130,11992,798238,0,0.358126,36383827,600571232,AGATCGGAAGAGCACACGTCTGAACTCCAGTCA,unspecified,7251208,A|T|C|G=3529989|3590105|92769|38345,83057357,A|T|C|G=39931170|40834758|1920098|371331,99313826|98515646,14897073900|14447971765,14753823135|14347833143,14344324669|13975334503,99313826|98515646,14897073900|14441237732,14671632023|14292630062,14051118859|13746408580
CAP41WGS_MO038,199462594|198026268,29919389100|29110240163,29549589246|28855241852,28501933471|27909746004,0.98764|0.99124,0.952624|0.95876,150|147,150|146,0.284551|0.280066,198026268,13020916,26899058,834666,11424,590236,0,0.39443,34134108,516357372,AGATCGGAAGAGCACACGTCTGAACTCCAGTCA,unspecified,7200236,A|T|C|G=3472233|3604428|89231|34344,82150931,A|T|C|G=39089733|40893164|1833140|334894,99731297|99013134,14959694550|14558180013,14817467448|14455668174,14398720143|14070923484,99731297|99013134,14959694550|14552060150,14732121798|14399573678,14103213328|13838822520
CAP41WGS_MO039,200112688|198582822,30016903200|29099215508,29629035904|28833572114,28548849097|27864391738,0.987078|0.990871,0.951092|0.957565,150|146,150|146,0.282847|0.277549,198582822,13529440,27833491,843698,11664,674504,0,0.469189,37299894,608343936,AGATCGGAAGAGCACACGTCTGAACTCCAGTCA,unspecified,7635946,A|T|C|G=3719151|3787163|91937|37695,87652264,A|T|C|G=42159282|43203970|1925682|363330,100056344|99291411,15008451600|14553333955,14862638373|14449398304,14441568228|14064171079,100056344|99291411,15008451600|14545881553,14766397531|14384173810,14107280869|13800220659
CAP41WGS_MO040,199272446|197712830,29890866900|29055486813,29496063374|28781179382,28385180676|27778847184,0.986792|0.990559,0.949627|0.956062,150|146,150|146,0.281233|0.276588,197712830,13744306,28052007,871656,11750,676210,0,0.454389,31486501,521475631,AGATCGGAAGAGCACACGTCTGAACTCCAGTCA,unspecified,7654800,A|T|C|G=3694075|3830955|94988|34782,87921880,A|T|C|G=41883363|43800713|1898237|339567,99636223|98856415,14945433450|14531244758,14796913329|14423650811,14360524952|14021913097,99636223|98856415,14945433450|14524242055,14699150045|14357528571,14024655724|13756934087
CAP41WGS_PC,176808102|167485316,26521215300|21938731903,25888983948|21756278838,24643507568|21081338785,0.976161|0.991684,0.9292|0.960919,150|130,150|131,0.346704|0.31589,167485316,9804407,19417252,896270,10030,8416486,0,0.205655,106725991,3557820879,AGATCGGAAGAGCACACGTCTGAACTCCAGTCA,unspecified,6012741,A|T|C|G=2337857|3530278|90382|54224,68044589,A|T|C|G=26187851|39641827|1689921|524990,88404051|83742658,13260607650|10965603493,12994445605|10892938698,12543587300|10619751312,88404051|83742658,13260607650|10973128410,12894538343|10863340140,12099920268|10461587473
